{"cameraMode":{"drawMode":0,"name":"Shaded","section":"Shading Mode"},"sceneLighting":true,"audioPlay":false,"sceneViewState":{"showFog":true,"showMaterialUpdate":false,"showSkybox":true,"showFlares":true,"showImageEffects":true,"showParticleSystems":true,"showVisualEffectGraphs":true,"m_FxEnabled":true},"in2DMode":false,"pivot":{"x":12.901947021484375,"y":0.5535513162612915,"z":-0.5547934770584106},"rotation":{"x":0.015457574278116227,"y":0.9766218066215515,"z":-0.20082919299602509,"w":0.07515271008014679},"size":1.622762680053711,"orthographic":false}