{"cameraMode":{"drawMode":0,"name":"Shaded","section":"Shading Mode"},"sceneLighting":true,"audioPlay":false,"sceneViewState":{"showFog":true,"showMaterialUpdate":false,"showSkybox":true,"showFlares":true,"showImageEffects":true,"showParticleSystems":true,"showVisualEffectGraphs":true,"m_FxEnabled":true},"in2DMode":false,"pivot":{"x":12.51635456085205,"y":-2.456202507019043,"z":0.0460362434387207},"rotation":{"x":0.12359041720628739,"y":0.19222351908683778,"z":-0.024403009563684465,"w":0.9732512831687927},"size":15.806730270385743,"orthographic":false}