{"cameraMode":{"drawMode":0,"name":"Shaded","section":"Shading Mode"},"sceneLighting":true,"audioPlay":false,"sceneViewState":{"showFog":true,"showMaterialUpdate":false,"showSkybox":true,"showFlares":true,"showImageEffects":true,"showParticleSystems":true,"showVisualEffectGraphs":true,"m_FxEnabled":true},"in2DMode":false,"pivot":{"x":15.99662971496582,"y":-1.9642066955566407,"z":0.7382674217224121},"rotation":{"x":0.019185639917850496,"y":-0.9654437303543091,"z":0.07430020719766617,"w":0.249198779463768},"size":14.610235214233399,"orthographic":false}