{"cameraMode":{"drawMode":0,"name":"Shaded","section":"Shading Mode"},"sceneLighting":true,"audioPlay":false,"sceneViewState":{"showFog":true,"showMaterialUpdate":false,"showSkybox":true,"showFlares":true,"showImageEffects":true,"showParticleSystems":true,"showVisualEffectGraphs":true,"m_FxEnabled":true},"in2DMode":false,"pivot":{"x":0.17776215076446534,"y":0.6369928121566773,"z":-7.507419586181641},"rotation":{"x":-0.0017882498214021326,"y":-0.13282783329486848,"z":0.0002877185761462897,"w":-0.9911867380142212},"size":1.6079058647155762,"orthographic":false}